candidate_id,name,kana,age,gender,incumbent_status,profession,party,votes,outcome,image_file,source_file
145261.0,清水隆弘, ,37.0,男,新人,,無所属,7302.0,当選,thumb_shimizu.jpg,三重県いなべ市議会議員補欠選挙_20111127
145264.0,わたなべ忠比古, ,,男,新人,,無所属,4154.0,落選,,三重県いなべ市議会議員補欠選挙_20111127
118143.0,川瀬幸子, ,59.0,女,元職,,無所属,2101.0,落選,,三重県いなべ市議会議員補欠選挙_20111127
179556.0,原田 けいじ,ハラタ ケイジ,48.0,男,新人,いなべ市を創る勉強会　団体代表,無所属,4800.0,当選,thumb_7721f2bc7ae197c58c6ef155c59ee049.jpg,三重県いなべ市議会議員補欠選挙_20191124
179555.0,重田 司,シゲタ ツカサ,39.0,男,新人,無職,無所属,3759.0,落選,thumb_c2a624293c09aaa9501bfd1073621212.jpg,三重県いなべ市議会議員補欠選挙_20191124
193031.0,出口 ひさお,デグチ ヒサオ,61.0,男,新人,農業,無所属,,当選,,三重県いなべ市議会議員補欠選挙_20231126
193032.0,寺輪 ひろき,テラワ ヒロキ,61.0,男,新人,寺輪シェル製作所,無所属,,当選,,三重県いなべ市議会議員補欠選挙_20231126
29707.0,川瀬 利夫,カワセ トシオ,50.0,男,新人,,無所属,1592.0,当選,,三重県いなべ市議会議員選挙_20051113
29717.0,鈴木 順子,スズキ ジュンコ,52.0,女,現職,,公明党,1566.0,当選,,三重県いなべ市議会議員選挙_20051113
29714.0,小林 昌彦,コバヤシ マサヒコ,58.0,男,新人,,無所属,1172.0,当選,,三重県いなべ市議会議員選挙_20051113
29710.0,水谷 治喜,ミズタニ ハルキ,39.0,男,現職,,無所属,1140.0,当選,,三重県いなべ市議会議員選挙_20051113
29718.0,近藤 幸洋,コンドウ ユキヒロ,57.0,男,現職,,無所属,1121.0,当選,,三重県いなべ市議会議員選挙_20051113
118134.0,川崎 智比呂,カワサキ チヒロ,44.0,男,現職,,無所属,1086.0,当選,,三重県いなべ市議会議員選挙_20051113
118142.0,伊藤 和子,イトウ カズコ,47.0,女,現職,,無所属,1034.0,当選,,三重県いなべ市議会議員選挙_20051113
29706.0,林 正男,ハヤシ マサオ,58.0,男,現職,,無所属,1027.0,当選,,三重県いなべ市議会議員選挙_20051113
29709.0,伊藤 弘美,イトウ ヒロミ,63.0,男,現職,,無所属,1000.0,当選,,三重県いなべ市議会議員選挙_20051113
29712.0,奥岡 征士,オクオカ セイジ,62.0,男,現職,,無所属,993.0,当選,,三重県いなべ市議会議員選挙_20051113
29721.0,小林 俊彦,コバヤシ トシヒコ,60.0,男,現職,,無所属,970.0,当選,,三重県いなべ市議会議員選挙_20051113
29719.0,石原 瞭,イシハラ リョウ,63.0,男,現職,,日本共産党,966.0,当選,,三重県いなべ市議会議員選挙_20051113
29713.0,位田 まさ子,インデン マサコ,58.0,女,現職,,無所属,950.0,当選,,三重県いなべ市議会議員選挙_20051113
29720.0,小川 克己,オガワ カツミ,67.0,男,現職,,無所属,948.0,当選,,三重県いなべ市議会議員選挙_20051113
29705.0,太田 政俊,オオタ マサトシ,65.0,男,現職,,無所属,915.0,当選,,三重県いなべ市議会議員選挙_20051113
29723.0,藤本 司生,フジモト シノブ,50.0,男,現職,,無所属,859.0,当選,,三重県いなべ市議会議員選挙_20051113
118135.0,出口 正,デグチ タダシ,68.0,男,現職,,無所属,854.0,当選,,三重県いなべ市議会議員選挙_20051113
29722.0,岡 英昭,オカ ヒデアキ,55.0,男,現職,,民主党,841.0,当選,,三重県いなべ市議会議員選挙_20051113
29704.0,水貝 一道,スガイ カズミチ,61.0,男,現職,,無所属,825.0,当選,,三重県いなべ市議会議員選挙_20051113
29715.0,種村 正巳,タネムラ マサミ,64.0,男,現職,,無所属,824.0,当選,,三重県いなべ市議会議員選挙_20051113
29716.0,衣笠 民子,キヌガサ タミコ,43.0,女,現職,,日本共産党,803.0,当選,,三重県いなべ市議会議員選挙_20051113
118144.0,清水 保次,シミズ ヤスジ,58.0,男,現職,,無所属,800.0,当選,,三重県いなべ市議会議員選挙_20051113
118133.0,城野 正昭,ジョウノ マサアキ,65.0,男,現職,,無所属,793.0,当選,,三重県いなべ市議会議員選挙_20051113
118140.0,小川 みどり,オガワ ミドリ,64.0,女,現職,,無所属,790.0,当選,,三重県いなべ市議会議員選挙_20051113
118145.0,武藤 輝弥,ムトウ テルヤ,68.0,男,現職,,無所属,736.0,落選,,三重県いなべ市議会議員選挙_20051113
118136.0,広田 一哉,ヒロタ カズヤ,58.0,男,現職,,無所属,581.0,落選,,三重県いなべ市議会議員選挙_20051113
118138.0,森 広大,モリ コウダイ,57.0,男,現職,,いなべ市民の会,570.0,落選,,三重県いなべ市議会議員選挙_20051113
118141.0,安田 元喜,ヤスダ モトキ,55.0,男,現職,,無所属,563.0,落選,,三重県いなべ市議会議員選挙_20051113
118146.0,浅山 武史,アサヤマ タケシ,70.0,男,現職,,無所属,543.0,落選,,三重県いなべ市議会議員選挙_20051113
29711.0,清水 実,シミズ ミノル,65.0,男,現職,,いなべ市民の会,460.0,落選,,三重県いなべ市議会議員選挙_20051113
118139.0,佐藤 忠生,サトウ タダオ,67.0,男,新人,,いなべ市民の会,400.0,落選,,三重県いなべ市議会議員選挙_20051113
118143.0,川瀬 幸子,カワセ サチコ,53.0,女,現職,,無所属,366.0,落選,,三重県いなべ市議会議員選挙_20051113
118137.0,仲筋 泰広,ナカスジ ヤスヒロ,59.0,男,新人,,三重ヤマネコの会,83.0,落選,,三重県いなべ市議会議員選挙_20051113
29707.0,川瀬 利夫,カワセ トシオ,54.0,男,現職,,無所属,2109.0,当選,,三重県いなべ市議会議員選挙_20091115
29717.0,鈴木 順子,スズキ ジュンコ,56.0,女,現職,,公明党,1795.0,当選,,三重県いなべ市議会議員選挙_20091115
29720.0,小川 克己,オガワ カツミ,71.0,男,現職,,無所属,1458.0,当選,,三重県いなべ市議会議員選挙_20091115
29708.0,多湖 克典,タゴ カツノリ,46.0,男,新人,,無所属,1392.0,当選,,三重県いなべ市議会議員選挙_20091115
29710.0,水谷 治喜,ミズタニ ハルキ,43.0,男,現職,,無所属,1377.0,当選,,三重県いなべ市議会議員選挙_20091115
29712.0,奥岡 征士,オクオカ セイジ,66.0,男,現職,,無所属,1359.0,当選,,三重県いなべ市議会議員選挙_20091115
29722.0,岡 英昭,オカ ヒデアキ,59.0,男,現職,,民主党,1327.0,当選,,三重県いなべ市議会議員選挙_20091115
29713.0,位田 まさ子,インデン マサコ,62.0,女,現職,,無所属,1243.0,当選,,三重県いなべ市議会議員選挙_20091115
29721.0,小林 俊彦,コバヤシ トシヒコ,64.0,男,現職,,無所属,1221.67,当選,,三重県いなべ市議会議員選挙_20091115
29709.0,伊藤 弘美,イトウ ヒロミ,67.0,男,現職,,無所属,1209.06,当選,,三重県いなべ市議会議員選挙_20091115
29724.0,伊藤 正俊,イトウ マサトシ,69.0,男,新人,,無所属,1138.62,当選,,三重県いなべ市議会議員選挙_20091115
29719.0,石原 瞭,イシハラ リョウ,67.0,男,現職,,日本共産党,1075.0,当選,,三重県いなべ市議会議員選挙_20091115
29718.0,近藤 幸洋,コンドウ ユキヒロ,61.0,男,現職,,無所属,1042.0,当選,,三重県いなべ市議会議員選挙_20091115
29706.0,林 正男,ハヤシ マサオ,62.0,男,現職,,無所属,1032.0,当選,,三重県いなべ市議会議員選挙_20091115
29705.0,太田 政俊,オオタ マサトシ,69.0,男,現職,,無所属,1024.32,当選,,三重県いなべ市議会議員選挙_20091115
29704.0,水貝 一道,スガイ カズミチ,65.0,男,現職,,無所属,1021.0,当選,,三重県いなべ市議会議員選挙_20091115
29711.0,清水 実,シミズ ミノル,69.0,男,元職,,無所属,998.0,当選,,三重県いなべ市議会議員選挙_20091115
29714.0,小林 昌彦,コバヤシ マサヒコ,62.0,男,現職,,無所属,979.33,当選,,三重県いなべ市議会議員選挙_20091115
29716.0,衣笠 民子,キヌガサ タミコ,47.0,女,現職,,日本共産党,941.0,当選,,三重県いなべ市議会議員選挙_20091115
29715.0,種村 正巳,タネムラ マサミ,68.0,男,現職,,無所属,939.0,当選,,三重県いなべ市議会議員選挙_20091115
29723.0,藤本 司生,フジモト シノブ,54.0,男,現職,,無所属,732.0,落選,,三重県いなべ市議会議員選挙_20091115
29706.0,林 正男,ハヤシ マサオ,66.0,男,現職,,無所属,,当選,,三重県いなべ市議会議員選挙_20131117
29707.0,川瀬 利夫,カワセ トシオ,58.0,男,現職,,無所属,,当選,,三重県いなべ市議会議員選挙_20131117
29708.0,多湖 克典,タゴ カツノリ,50.0,男,現職,,無所属,,当選,,三重県いなべ市議会議員選挙_20131117
29709.0,伊藤 弘美,イトウ ヒロミ,71.0,男,現職,,無所属,,当選,,三重県いなべ市議会議員選挙_20131117
29710.0,水谷 治喜,ミズタニ ハルキ,47.0,男,現職,,無所属,,当選,,三重県いなべ市議会議員選挙_20131117
29711.0,清水 実,シミズ ミノル,73.0,男,現職,,無所属,,当選,,三重県いなべ市議会議員選挙_20131117
29713.0,位田 まさ子,インデン マサコ,66.0,女,現職,,無所属,,当選,,三重県いなべ市議会議員選挙_20131117
29715.0,種村 正巳,タネムラ マサミ,72.0,男,現職,,無所属,,当選,,三重県いなべ市議会議員選挙_20131117
29716.0,衣笠 民子,キヌガサ タミコ,51.0,女,現職,,日本共産党,,当選,,三重県いなべ市議会議員選挙_20131117
29717.0,鈴木 順子,スズキ ジュンコ,60.0,女,現職,,公明党,,当選,,三重県いなべ市議会議員選挙_20131117
29720.0,小川 克己,オガワ カツミ,75.0,男,現職,,無所属,,当選,,三重県いなべ市議会議員選挙_20131117
29722.0,岡 英昭,オカ ヒデアキ,63.0,男,現職,,無所属,,当選,,三重県いなべ市議会議員選挙_20131117
29724.0,伊藤 正俊,イトウ マサトシ,73.0,男,現職,,無所属,,当選,,三重県いなべ市議会議員選挙_20131117
145260.0,新山 ひでひろ,ニイヤマ ヒデヒロ,38.0,男,新人,,無所属,,当選,,三重県いなべ市議会議員選挙_20131117
145261.0,清水 隆弘,シミズ タカヒロ,39.0,男,現職,,無所属,,当選,,三重県いなべ市議会議員選挙_20131117
145262.0,岡 つねかず,オカ ツネカズ,60.0,男,新人,,日本共産党,,当選,,三重県いなべ市議会議員選挙_20131117
145263.0,伊藤 のりこ,イトウ ノリコ,55.0,女,新人,,無所属,,当選,,三重県いなべ市議会議員選挙_20131117
145264.0,わたなべ 忠比古,ワタナベ タダヒコ,64.0,男,新人,,無所属,,当選,,三重県いなべ市議会議員選挙_20131117
145265.0,小川 もとのり,オガワ モトノリ,59.0,男,新人,,無所属,,当選,,三重県いなべ市議会議員選挙_20131117
118143.0,川瀬 幸子,カワセ サチコ,61.0,女,元職,,無所属,,当選,,三重県いなべ市議会議員選挙_20131117
166358.0,片山 秀樹,カタヤマ ヒデキ,,男,新人,創作きものひかり呉服販売業,,1751.0,当選,,三重県いなべ市議会議員選挙_20171119
145265.0,小川 もとのり,オガワ モトノリ,63.0,男,現職,NPO根っ子ネットワーク参事,無所属,1611.0,当選,,三重県いなべ市議会議員選挙_20171119
29717.0,鈴木 順子,スズキ ジュンコ,64.0,女,現職,市議会議員	,公明党,1540.0,当選,,三重県いなべ市議会議員選挙_20171119
145261.0,清水 隆弘,シミズ タカヒロ,43.0,男,現職,東海医療工業専門学校非常勤講師,無所属,1521.52,当選,,三重県いなべ市議会議員選挙_20171119
29707.0,川瀬 利夫,カワセ トシオ,62.0,男,現職,電気工事会社社員	　2021年2月逝去(66歳）,無所属,1499.49,当選,,三重県いなべ市議会議員選挙_20171119
29710.0,水谷 治喜,ミズタニ ハルキ,51.0,男,現職,農業,無所属,1359.0,当選,,三重県いなべ市議会議員選挙_20171119
29713.0,位田 まさ子,インデン マサコ,70.0,女,現職,無職,無所属,1257.0,当選,,三重県いなべ市議会議員選挙_20171119
162478.0,西井 まりこ,ニシイ マリコ,32.0,女,新人,不動産業,,1246.0,当選,thumb_20151116＿ｙ02.jpg,三重県いなべ市議会議員選挙_20171119
145263.0,伊藤 のりこ,イトウ ノリコ,59.0,女,現職,伊藤音楽教室主宰,無所属,1237.0,当選,,三重県いなべ市議会議員選挙_20171119
29706.0,林 正男,ハヤシ マサオ,70.0,男,現職,マルカメリヤス有限会社代表取締役,無所属,1042.0,当選,,三重県いなべ市議会議員選挙_20171119
145262.0,岡 つねかず,オカ ツネカズ,64.0,男,現職,農業、市議会議員,日本共産党,998.01,当選,,三重県いなべ市議会議員選挙_20171119
29722.0,岡 英昭,オカ ヒデアキ,67.0,男,現職,無職,無所属,984.99,当選,,三重県いなべ市議会議員選挙_20171119
166360.0,神谷 篤,カミヤ アツシ,,男,新人,無職,,855.0,当選,,三重県いなべ市議会議員選挙_20171119
29716.0,衣笠 民子,キヌガサ タミコ,55.0,女,現職,政党役員,日本共産党,775.0,当選,,三重県いなべ市議会議員選挙_20171119
166361.0,篠原 史紀,シノハラ フミノリ,,男,新人,有限会社地球デザイン代表取締役,,772.0,当選,,三重県いなべ市議会議員選挙_20171119
29715.0,種村 正巳,タネムラ マサミ,76.0,男,現職,農業,無所属,676.0,当選,,三重県いなべ市議会議員選挙_20171119
145260.0,新山 ひでひろ,ニイヤマ ヒデヒロ,42.0,男,現職,農業、神職,無所属,580.0,当選,,三重県いなべ市議会議員選挙_20171119
166357.0,近藤 英昭,コンドウ ヒデアキ,,男,新人,建築業代表取締役　2019年6月30日逝去（69歳）,,516.0,当選,,三重県いなべ市議会議員選挙_20171119
166362.0,太田 耕司,オオタ コウシ,,男,新人,仏壇仏具修繕販売業,,513.0,落選,,三重県いなべ市議会議員選挙_20171119
166359.0,中村 正治,ナカムラ ショウジ,,男,新人,大学非常勤講師,,505.0,落選,,三重県いなべ市議会議員選挙_20171119
29711.0,清水 実,シミズ ミノル,77.0,男,現職,市議会議員,無所属,480.48,落選,,三重県いなべ市議会議員選挙_20171119
145264.0,わたなべ 忠比古,ワタナベ タダヒコ,68.0,男,現職,市議会議員,無所属,456.0,落選,,三重県いなべ市議会議員選挙_20171119
118143.0,川瀬 幸子,カワセ サチコ,65.0,女,現職,市議会議員,無所属,218.51,落選,,三重県いなべ市議会議員選挙_20171119
145261.0,清水 隆弘,シミズ タカヒロ,47.0,男,現職,学習塾塾長,無所属,1776.0,当選,thumb_6aa7b9fbd1218d3a50c5afcbd49856dc.png,三重県いなべ市議会議員選挙_20211114
183383.0,いとう みほ,イトウ ミホ,58.0,女,新人,無職,公明党,1661.519,当選,thumb_2c28775e8d968743e9d9aeb75d80d340.png,三重県いなべ市議会議員選挙_20211114
145265.0,小川 もとのり,オガワ モトノリ,67.0,男,現職,一般社団法人生命科学文化推進機構評議員,無所属,1507.0,当選,thumb_51a4150cb047b2f62ff7854530f82dc4.png,三重県いなべ市議会議員選挙_20211114
183429.0,小寺 てつお,コデラ テツオ,69.0,男,新人,塗装会社代表取締役,無所属,1328.0,当選,,三重県いなべ市議会議員選挙_20211114
162478.0,西井 まりこ,ニシイ マリコ,36.0,女,現職,いなべ市議会議員,無所属,1281.0,当選,,三重県いなべ市議会議員選挙_20211114
166358.0,片山 ひでき,カタヤマ ヒデキ,58.0,男,現職,創作きものひかり呉服販売業,無所属,1264.0,当選,,三重県いなべ市議会議員選挙_20211114
145263.0,伊藤 のりこ,イトウ ノリコ,63.0,女,現職,伊藤音楽教室主宰,無所属,1167.365,当選,,三重県いなべ市議会議員選挙_20211114
29713.0,位田 まさ子,インデン マサコ,74.0,女,現職,いなべ市議会議員,無所属,1146.0,当選,thumb_dc877107ef353f744a1094ec32a48b1f.png,三重県いなべ市議会議員選挙_20211114
29706.0,林 正男,ハヤシ マサオ,74.0,男,現職,マルカメリヤス(有)代表取締役,無所属,1132.0,当選,thumb_f4b58c4b17e05be4f9f6c82df908462d.png,三重県いなべ市議会議員選挙_20211114
183423.0,わたなべ 一弘,ワタナベ カズヒロ,49.0,男,新人,トータル・サポート代表,無所属,1102.0,当選,thumb_f070e01d97667c24731dd06a150f31e1.png,三重県いなべ市議会議員選挙_20211114
183430.0,多湖 公,タゴ コウ,69.0,男,新人,公益社団法人いなべ市シルバー人材センター職員,無所属,1080.0,当選,,三重県いなべ市議会議員選挙_20211114
29722.0,岡 英昭,オカ ヒデアキ,71.0,男,現職,いなべ市議会議員,無所属,904.775,当選,,三重県いなべ市議会議員選挙_20211114
179556.0,原田 けいじ,ハラタ ケイジ,50.0,男,現職,いなべ市議会議員,無所属,797.0,当選,thumb_a3794a89e843f059f806b73e23237c20.png,三重県いなべ市議会議員選挙_20211114
166361.0,しのはら ふみのり,シノハラ フミノリ,55.0,男,現職,(有)地球デザイン代表取締役,無所属,782.0,当選,thumb_52743a5d31433fd398dc6075152b3e9c.png,三重県いなべ市議会議員選挙_20211114
166362.0,太田 こうし,オオタ コウシ,64.0,男,新人,太田仏壇店代表／2022年2月21日逝去（64歳）,無所属,729.0,当選,,三重県いなべ市議会議員選挙_20211114
145262.0,岡 つねかず,オカ ツネカズ,68.0,男,現職,いなべ市議会議員,日本共産党,725.224,当選,,三重県いなべ市議会議員選挙_20211114
29716.0,きぬがさ 民子,キヌガサ タミコ,59.0,女,現職,政党役員,日本共産党,669.0,当選,thumb_e5aedeb9bd87cb36dad9c45b7f5d938e.png,三重県いなべ市議会議員選挙_20211114
29715.0,種村 正已,タネムラ マサミ,80.0,男,現職,農業／議員辞職,無所属,449.0,当選,,三重県いなべ市議会議員選挙_20211114
183428.0,伊藤 きみのぶ,イトウ キミノブ,78.0,男,新人,無職,無所属,369.115,落選,,三重県いなべ市議会議員選挙_20211114
124933.0,日沖 靖,ヒオキ ヤスシ,48.0,男,現職,,無所属,,当選,thumb_20151021＿m09.jpg,三重県いなべ市長選挙_20071125
124933.0,日沖 靖,ヒオキ ヤスシ,52.0,男,現職,,無所属,,当選,thumb_20151021＿m09.jpg,三重県いなべ市長選挙_20111127
124933.0,日沖 靖,ヒオキ ヤスシ,56.0,男,現職,,無所属,14002.0,当選,thumb_20151021＿m09.jpg,三重県いなべ市長選挙_20151122
162477.0,安田 喜正,ヤスダ ヨシマサ,66.0,男,新人,,無所属,5093.0,落選,,三重県いなべ市長選挙_20151122
162478.0,西井 まりこ,ニシイ マリコ,30.0,女,新人,,無所属,2387.0,落選,thumb_20151116＿ｙ02.jpg,三重県いなべ市長選挙_20151122
124933.0,日沖 靖,ヒオキ ヤスシ,60.0,男,現職,いなべ市長,無所属,,当選,thumb_3afc6756be81829cfe5fb1f11a5c7e38.jpg,三重県いなべ市長選挙_20191124
124933.0,日沖 靖,ヒオキ ヤスシ,64.0,男,現職,いなべ市長,無所属,10933.0,当選,thumb_7b49e91a82e547daef922b877ae06f8e.png,三重県いなべ市長選挙_20231126
52385.0,小西 ひこじ,コニシ ヒコジ,52.0,男,新人,株式会社ＢＥＴＨＥＲＥ代表取締役,無所属,2336.0,落選,thumb_962b1d5255d0b2c521688944490c2c63.png,三重県いなべ市長選挙_20231126
59178.0,豊田 恵理,トヨダ エリ,33.0,女,新人,,無所属,8966.0,当選,,三重県亀山市議会議員補欠選挙_20090201
12783.0,前田 稔,マエダ ミノル,49.0,男,元職,,無所属,7537.0,当選,,三重県亀山市議会議員補欠選挙_20090201
59179.0,山田 孝玄,ヤマダ コウゲン,49.0,男,新人,,無所属,5010.0,落選,,三重県亀山市議会議員補欠選挙_20090201
40710.0,渡辺 政彦,ワタナベ マサヒコ,57.0,男,新人,,無所属,1628.0,落選,,三重県亀山市議会議員補欠選挙_20090201
142501.0,西川 憲行,ニシカワ ノリユキ,,男,新人,,無所属,5585.0,当選,,三重県亀山市議会議員補欠選挙_20130203
40710.0,渡辺 政彦,ワタナベ マサヒコ,61.0,男,新人,,無所属,1442.0,落選,,三重県亀山市議会議員補欠選挙_20130203
12766.0,伊藤 彦太郎,イトウ ヒコタロウ,47.0,男,元職,製茶販売業,無所属,13057.0,当選,,三重県亀山市議会議員補欠選挙_20170129
150178.0,中川 博,ナカガワ ヒロシ,68.0,男,新人,タクシー会社経営,無所属,5502.0,落選,,三重県亀山市議会議員補欠選挙_20170129
12760.0,水野 雪男,ミズノ ユキオ,76.0,男,新人,,無所属,1548.0,当選,,三重県亀山市議会議員選挙_20061022
12772.0,森 美和子,モリ ミワコ,45.0,女,新人,,公明党,1506.49,当選,,三重県亀山市議会議員選挙_20061022
12782.0,小坂 直親,コサカ ナオチカ,61.0,男,新人,,無所属,1420.0,当選,,三重県亀山市議会議員選挙_20061022
12773.0,服部 孝規,ハットリ コウキ,54.0,男,新人,,日本共産党,1357.0,当選,,三重県亀山市議会議員選挙_20061022
12767.0,池田 依子,イケダ ヨリコ,61.0,女,新人,,公明党,1249.08,当選,,三重県亀山市議会議員選挙_20061022
12779.0,鈴木 達夫,スズキ タツオ,50.0,男,新人,,無所属,1164.0,当選,,三重県亀山市議会議員選挙_20061022
12766.0,伊藤 彦太郎,イトウ ヒコタロウ,36.0,男,新人,,無所属,1104.0,当選,,三重県亀山市議会議員選挙_20061022
12759.0,片岡 武男,カタオカ タケオ,65.0,男,新人,,無所属,1087.0,当選,,三重県亀山市議会議員選挙_20061022
12769.0,大井 捷夫,オオイ ハヤオ,62.0,男,新人,,無所属,1049.0,当選,,三重県亀山市議会議員選挙_20061022
12785.0,福沢 美由紀,フクザワ ミユキ,42.0,女,新人,,日本共産党,1030.0,当選,,三重県亀山市議会議員選挙_20061022
12776.0,岡本 公秀,オカモト キミヒデ,56.0,男,新人,,無所属,1021.0,当選,,三重県亀山市議会議員選挙_20061022
12763.0,竹井 道男,タケイ ミチオ,55.0,男,新人,,無所属,984.0,当選,,三重県亀山市議会議員選挙_20061022
12764.0,坊野 洋昭,ボウノ ヒロアキ,62.0,男,新人,,無所属,973.0,当選,,三重県亀山市議会議員選挙_20061022
12775.0,葛西 豊,カサイ ユタカ,66.0,男,新人,,無所属,956.0,当選,,三重県亀山市議会議員選挙_20061022
12777.0,松上 孝,マツウエ タカシ,66.0,男,新人,,無所属,931.0,当選,,三重県亀山市議会議員選挙_20061022
12774.0,中村 嘉孝,ナカムラ ヨシタカ,59.0,男,新人,,無所属,905.0,当選,,三重県亀山市議会議員選挙_20061022
12778.0,宮崎 勝郎,ミヤザキ カツロウ,64.0,男,新人,,無所属,891.0,当選,,三重県亀山市議会議員選挙_20061022
12761.0,豊田 勝行,トヨダ カツユキ,62.0,男,新人,,無所属,880.0,当選,,三重県亀山市議会議員選挙_20061022
12765.0,宮村 和典,ミヤムラ カズノリ,61.0,男,新人,,無所属,861.0,当選,,三重県亀山市議会議員選挙_20061022
12784.0,桜井 清蔵,サクライ セイゾウ,57.0,男,新人,,無所属,846.0,当選,,三重県亀山市議会議員選挙_20061022
12762.0,森 淳之祐,モリ ジュンノスケ,71.0,男,新人,,無所属,840.51,当選,,三重県亀山市議会議員選挙_20061022
12771.0,前田 耕一,マエダ コウイチ,59.0,男,新人,,無所属,837.57,当選,,三重県亀山市議会議員選挙_20061022
12783.0,前田 稔,マエダ ミノル,47.0,男,新人,,無所属,765.43,落選,,三重県亀山市議会議員選挙_20061022
12770.0,加藤 正信,カトウ マサノブ,58.0,男,新人,,無所属,497.0,落選,,三重県亀山市議会議員選挙_20061022
12768.0,柏木 康恵,カシワギ ヤスエ,45.0,女,新人,,無所属,398.0,落選,,三重県亀山市議会議員選挙_20061022
12780.0,矢野 英直,ヤノ ヒデナオ,65.0,男,新人,,無所属,385.0,落選,,三重県亀山市議会議員選挙_20061022
12781.0,池田 好子,イケダ ヨシコ,67.0,女,新人,,無所属,279.92,落選,,三重県亀山市議会議員選挙_20061022
59178.0,豊田 恵理,トヨダ エリ,35.0,女,現職,,無所属,1890.0,当選,,三重県亀山市議会議員選挙_20101024
138308.0,新 秀隆,アタラシ ヒデタカ,50.0,男,現職,,公明党,1321.0,当選,,三重県亀山市議会議員選挙_20101024
12772.0,森 美和子,モリ ミワコ,49.0,女,現職,,公明党,1318.0,当選,,三重県亀山市議会議員選挙_20101024
148395.0,中崎 孝彦,ナカザキ タカヒコ,,男,現職,,無所属,1280.0,当選,,三重県亀山市議会議員選挙_20101024
12773.0,服部 孝規,ハットリ コウキ,58.0,男,現職,,日本共産党,1244.0,当選,,三重県亀山市議会議員選挙_20101024
12784.0,桜井 清蔵,サクライ セイゾウ,61.0,男,現職,,無所属,1043.0,当選,,三重県亀山市議会議員選挙_20101024
12783.0,前田 稔,マエダ ミノル,51.0,男,現職,,無所属,985.0,当選,,三重県亀山市議会議員選挙_20101024
12782.0,小坂 直親,コサカ ナオチカ,65.0,男,現職,,無所属,963.0,当選,,三重県亀山市議会議員選挙_20101024
12774.0,中村 嘉孝,ナカムラ ヨシタカ,63.0,男,現職,,無所属,942.0,当選,,三重県亀山市議会議員選挙_20101024
12771.0,前田 耕一,マエダ コウイチ,63.0,男,現職,,無所属,941.0,当選,,三重県亀山市議会議員選挙_20101024
12766.0,伊藤 彦太郎,イトウ ヒコタロウ,40.0,男,現職,,無所属,927.0,当選,,三重県亀山市議会議員選挙_20101024
12769.0,大井 捷夫,オオイ ハヤオ,66.0,男,現職,,無所属,903.0,当選,,三重県亀山市議会議員選挙_20101024
12785.0,福沢 美由紀,フクザワ ミユキ,46.0,女,現職,,日本共産党,896.0,当選,,三重県亀山市議会議員選挙_20101024
12759.0,片岡 武男,カタオカ タケオ,69.0,男,現職,,無所属,895.0,当選,,三重県亀山市議会議員選挙_20101024
138310.0,高島 真,タカシマ マコト,43.0,男,現職,,自由民主党,813.0,当選,,三重県亀山市議会議員選挙_20101024
12763.0,竹井 道男,タケイ ミチオ,59.0,男,現職,,無所属,809.0,当選,,三重県亀山市議会議員選挙_20101024
12764.0,坊野 洋昭,ボウノ ヒロアキ,66.0,男,現職,,無所属,796.0,当選,,三重県亀山市議会議員選挙_20101024
12776.0,岡本 公秀,オカモト キミヒデ,60.0,男,現職,,無所属,795.0,当選,,三重県亀山市議会議員選挙_20101024
12765.0,宮村 和典,ミヤムラ カズノリ,65.0,男,現職,,無所属,769.0,当選,,三重県亀山市議会議員選挙_20101024
148396.0,尾崎 邦洋,オザキ クニヒロ,,男,現職,,無所属,764.0,当選,,三重県亀山市議会議員選挙_20101024
12779.0,鈴木 達夫,スズキ タツオ,54.0,男,現職,,無所属,758.0,当選,,三重県亀山市議会議員選挙_20101024
12778.0,宮崎 勝郎,ミヤザキ カツロウ,68.0,男,現職,,自由民主党,712.0,当選,,三重県亀山市議会議員選挙_20101024
138312.0,西川憲行, ,,男,現職,,,690.0,落選,,三重県亀山市議会議員選挙_20101024
138313.0,豊田勝行, ,66.0,男,現職,,,594.0,落選,,三重県亀山市議会議員選挙_20101024
138314.0,葛西豊, ,70.0,男,現職,,,594.0,落選,,三重県亀山市議会議員選挙_20101024
138315.0,片岡則光, ,69.0,男,現職,,,439.0,落選,,三重県亀山市議会議員選挙_20101024
59178.0,豊田 恵理,トヨダ エリ,39.0,女,現職,,無所属,2089.0,当選,,三重県亀山市議会議員選挙_20141026
150156.0,今岡 翔平,イマオカ ショウヘイ,28.0,男,新人,,無所属,1544.0,当選,,三重県亀山市議会議員選挙_20141026
12772.0,森 美和子,モリ ミワコ,53.0,女,現職,,公明党,1398.0,当選,,三重県亀山市議会議員選挙_20141026
138308.0,新 秀隆,アタラシ ヒデタカ,54.0,男,現職,,公明党,1346.0,当選,,三重県亀山市議会議員選挙_20141026
12782.0,小坂 直親,コサカ ナオチカ,69.0,男,現職,,無所属,1263.0,当選,,三重県亀山市議会議員選挙_20141026
148395.0,中崎 孝彦,ナカザキ タカヒコ,68.0,男,現職,,無所属,1226.0,当選,,三重県亀山市議会議員選挙_20141026
12785.0,福沢 美由紀,フクザワ ミユキ,50.0,女,現職,,日本共産党,1163.0,当選,,三重県亀山市議会議員選挙_20141026
12773.0,服部 孝規,ハットリ コウキ,62.0,男,現職,,日本共産党,1124.0,当選,,三重県亀山市議会議員選挙_20141026
138310.0,高島 真,タカシマ マコト,47.0,男,現職,,自由民主党,1109.0,当選,,三重県亀山市議会議員選挙_20141026
12784.0,桜井 清蔵,サクライ セイゾウ,65.0,男,現職,,無所属,1022.0,当選,,三重県亀山市議会議員選挙_20141026
12776.0,岡本 公秀,オカモト キミヒデ,64.0,男,現職,,無所属,997.0,当選,,三重県亀山市議会議員選挙_20141026
12779.0,鈴木 達夫,スズキ タツオ,58.0,男,現職,,無所属,952.0,当選,,三重県亀山市議会議員選挙_20141026
12771.0,前田 耕一,マエダ コウイチ,67.0,男,現職,,無所属,927.014,当選,,三重県亀山市議会議員選挙_20141026
12783.0,前田 稔,マエダ ミノル,55.0,男,現職,,無所属,913.985,当選,,三重県亀山市議会議員選挙_20141026
12774.0,中村 嘉孝,ナカムラ ヨシタカ,67.0,男,現職,,無所属,868.0,当選,,三重県亀山市議会議員選挙_20141026
148396.0,尾崎 邦洋,オザキ クニヒロ,65.0,男,現職,,無所属,714.0,当選,,三重県亀山市議会議員選挙_20141026
148397.0,西川 憲行,ニシカワ ノリユキ,46.0,男,現職,,無所属,692.0,当選,,三重県亀山市議会議員選挙_20141026
12778.0,宮崎 勝郎,ミヤザキ カツロウ,72.0,男,現職,,無所属,440.0,当選,,三重県亀山市議会議員選挙_20141026
150178.0,中川 博,ナカガワ ヒロシ,66.0,男,新人,,無所属,293.0,落選,,三重県亀山市議会議員選挙_20141026
168135.0,草川 卓也,クサカワ タクヤ,30.0,男,新人,学習塾非常勤講師,無所属,3015.0,当選,,三重県亀山市議会議員選挙_20181028
59178.0,豊田 恵理,トヨダ エリ,43.0,女,元職,米穀店手伝い,無所属,1687.0,当選,,三重県亀山市議会議員選挙_20181028
168137.0,森 英之,モリ ヒデユキ,49.0,男,新人,会社員,無所属,1674.71,当選,,三重県亀山市議会議員選挙_20181028
12772.0,森 美和子,モリ ミワコ,57.0,女,現職,無職,公明党,1266.29,当選,thumb_c060eb532ce082931f337bcb2e0fbfa3.png,三重県亀山市議会議員選挙_20181028
138308.0,新 秀隆,アタラシ ヒデタカ,58.0,男,現職,無職,公明党,1202.0,当選,thumb_f1cd0774e591265958f1313698238c78.png,三重県亀山市議会議員選挙_20181028
12766.0,伊藤 彦太郎,イトウ ヒコタロウ,48.0,男,現職,製茶販売業,無所属,1070.0,当選,,三重県亀山市議会議員選挙_20181028
148395.0,中崎 孝彦,ナカザキ タカヒコ,72.0,男,現職,無職,無所属,1013.0,当選,,三重県亀山市議会議員選挙_20181028
12773.0,服部 孝規,ハットリ コウキ,66.0,男,現職,無職,日本共産党,936.0,当選,,三重県亀山市議会議員選挙_20181028
12785.0,福沢 美由紀,フクザワ ミユキ,54.0,女,現職,無職,日本共産党,909.0,当選,thumb_4353b2deb71bbb1865ed869498867473.png,三重県亀山市議会議員選挙_20181028
168136.0,中島 雅代,ナカシマ マサヨ,36.0,女,新人,無職,無所属,847.0,当選,,三重県亀山市議会議員選挙_20181028
12779.0,鈴木 達夫,スズキ タツオ,62.0,男,現職,無職,無所属,847.0,当選,,三重県亀山市議会議員選挙_20181028
12782.0,小坂 直親,コサカ ナオチカ,73.0,男,現職,団体役員,無所属,838.0,当選,thumb_b301e5855483efb44f506a5225e50fae.png,三重県亀山市議会議員選挙_20181028
12784.0,桜井 清蔵,サクライ セイゾウ,69.0,男,現職,農業,無所属,759.0,当選,,三重県亀山市議会議員選挙_20181028
12776.0,岡本 公秀,オカモト キミヒデ,68.0,男,現職,コンビニエンスストア経営,無所属,735.0,当選,,三重県亀山市議会議員選挙_20181028
12771.0,前田 耕一,マエダ コウイチ,71.0,男,現職,無職,無所属,719.0,当選,,三重県亀山市議会議員選挙_20181028
12783.0,前田 稔,マエダ ミノル,59.0,男,現職,菓子製造販売業,無所属,718.0,当選,thumb_2532051031132f36ba32fda8d0e6f208.png,三重県亀山市議会議員選挙_20181028
150156.0,今岡 翔平,イマオカ ショウヘイ,32.0,男,現職,会社役員,無所属,695.0,当選,thumb_9431b00c3292638e6b61a392f7424b5e.png,三重県亀山市議会議員選挙_20181028
148396.0,尾崎 邦洋,オザキ クニヒロ,69.0,男,現職,無職,無所属,679.0,当選,,三重県亀山市議会議員選挙_20181028
12774.0,中村 嘉孝,ナカムラ ヨシタカ,71.0,男,現職,神職,無所属,660.0,落選,thumb_eb20ae1463bade5d0e9eaa93a64426dc.png,三重県亀山市議会議員選挙_20181028
148397.0,西川 憲行,ニシカワ ノリユキ,50.0,男,現職,和菓子製造販売業,無所属,582.0,落選,,三重県亀山市議会議員選挙_20181028
138310.0,高島 真,タカシマ マコト,51.0,男,現職,自営業,無所属,513.0,落選,,三重県亀山市議会議員選挙_20181028
150178.0,中川 博,ナカガワ ヒロシ,70.0,男,新人,タクシー会社経営,無所属,238.0,落選,,三重県亀山市議会議員選挙_20181028
40710.0,渡辺 政彦,ワタナベ マサヒコ,67.0,男,新人,派遣社員,無所属,67.0,落選,,三重県亀山市議会議員選挙_20181028
168135.0,草川 たくや,クサカワ タクヤ,34.0,男,現職,亀山市議会議員、元衆議院議員小池ゆりこ秘書,無所属,3644.0,当選,thumb_767833da328f207ab630082ad19e169f.png,三重県亀山市議会議員選挙_20221023
59178.0,豊田 恵理,トヨダ エリ,47.0,女,現職,米穀店,無所属,1310.0,当選,thumb_42f899f364c5a379e7ed5644b29fc766.png,三重県亀山市議会議員選挙_20221023
168137.0,森 英之,モリ ヒデユキ,53.0,男,現職,会社員,無所属,1276.549,当選,,三重県亀山市議会議員選挙_20221023
185509.0,櫻木 善仁,サクラギ ヨシヒト,59.0,男,新人,無職,無所属,1223.0,当選,thumb_921b4231a0f766aa040d48524929035f.png,三重県亀山市議会議員選挙_20221023
185506.0,深水 隆司,フカミズ タカシ,63.0,男,新人,農業,無所属,1104.0,当選,,三重県亀山市議会議員選挙_20221023
138308.0,新 秀隆,アタラシ ヒデタカ,62.0,男,現職,無職,公明党,1069.0,当選,thumb_e85cee6ca0fc5241f89fa1181c8e9f86.jpg,三重県亀山市議会議員選挙_20221023
12772.0,森 美和子,モリ ミワコ,61.0,女,現職,無職,公明党,1045.45,当選,thumb_99cc9f67823bf64b7283d885cd139bc8.jpg,三重県亀山市議会議員選挙_20221023
12766.0,伊藤 彦太郎,イトウ ヒコタロウ,52.0,男,現職,製茶販売業,無所属,958.0,当選,,三重県亀山市議会議員選挙_20221023
12785.0,福沢 美由紀,フクザワ ミユキ,58.0,女,現職,無職,日本共産党,861.0,当選,thumb_7183bc0f08b5bd69a13e17dcaba04014.png,三重県亀山市議会議員選挙_20221023
150156.0,いまおか 翔平,イマオカ ショウヘイ,36.0,男,現職,亀山市議会議員、ウラカタ株式会社専務取締役,無所属,833.0,当選,thumb_8fadb7e6086e18ff3c03fad8a9c31413.jpg,三重県亀山市議会議員選挙_20221023
12784.0,桜井 清蔵,サクライ セイゾウ,73.0,男,現職,農業,無所属,815.0,当選,,三重県亀山市議会議員選挙_20221023
12773.0,服部 孝規,ハットリ コウキ,70.0,男,現職,無職,日本共産党,783.0,当選,thumb_98468e1cdf35ab617fbed3191bfa53cc.jpg,三重県亀山市議会議員選挙_20221023
168136.0,中島 雅代,ナカシマ マサヨ,40.0,女,現職,無職,無所属,733.0,当選,,三重県亀山市議会議員選挙_20221023
12782.0,小坂 なおちか,コサカ ナオチカ,77.0,男,現職,鈴鹿森林組合副組合長 、亀山市森林管理協議会理事,無所属,659.0,当選,thumb_4be919f0399350a7aa27c85fe47a4c07.png,三重県亀山市議会議員選挙_20221023
138310.0,髙島 真,タカシマ マコト,55.0,男,元職,船舶修理販売業,無所属,648.0,当選,thumb_f83d21320871368969bdc0aa83840125.png,三重県亀山市議会議員選挙_20221023
12779.0,鈴木 達夫,スズキ タツオ,66.0,男,現職,無職,無所属,636.0,当選,,三重県亀山市議会議員選挙_20221023
12776.0,岡本 公秀,オカモト キミヒデ,72.0,男,現職,コンビニエンスストア経営,無所属,618.0,当選,,三重県亀山市議会議員選挙_20221023
185517.0,古田 吉昭,フルタ ヨシアキ,50.0,男,新人,建設業,無所属,616.0,当選,,三重県亀山市議会議員選挙_20221023
12783.0,前田 稔,マエダ ミノル,63.0,男,現職,菓子製造販売,無所属,454.0,落選,thumb_b49e113916701ff768a00ee7f9c6353b.png,三重県亀山市議会議員選挙_20221023
185505.0,笠井 真人,カサイ マサト,59.0,男,新人,無職,無所属,322.0,落選,thumb_fcf90dacb51ef2e4cbecf4c327ade127.png,三重県亀山市議会議員選挙_20221023
185518.0,松山 陽平,マツヤマ ヨウヘイ,35.0,男,新人,無職,無所属,183.0,落選,,三重県亀山市議会議員選挙_20221023
118383.0,田中 亮太,タナカ リョウタ,70.0,男,新人,,無所属,,当選,,三重県亀山市長選挙_20050206
59176.0,桜井 義之,サクライ ヨシユキ,45.0,男,新人,,無所属,12727.0,当選,thumb_20151021＿m07.jpg,三重県亀山市長選挙_20090201
59177.0,清水 孝哉,シミズ タカヤ,66.0,男,新人,,無所属,11193.0,落選,,三重県亀山市長選挙_20090201
59176.0,桜井 義之,サクライ ヨシユキ,49.0,男,現職,,無所属,,当選,thumb_20151021＿m07.jpg,三重県亀山市長選挙_20130203
59176.0,桜井 義之,サクライ ヨシユキ,53.0,男,現職,亀山市長,無所属,12229.0,当選,thumb_20151021＿m07.jpg,三重県亀山市長選挙_20170129
59178.0,豊田 恵理,トヨダ エリ,41.0,女,新人,米屋手伝い　元亀山市議会議員,無所属,7332.0,落選,,三重県亀山市長選挙_20170129
59176.0,桜井 よしゆき,サクライ ヨシユキ,57.0,男,現職,亀山市長,無所属,,当選,thumb_e0f157efea2a0237fadf3b07099f685e.jpg,三重県亀山市長選挙_20210131
29592.0,西山 則夫,ニシヤマ ノリオ,56.0,男,新人,,無所属,2892.0,当選,,三重県伊勢市議会議員選挙_20051127
29590.0,長田 朗,オサダ アキラ,51.0,男,新人,,無所属,2814.0,当選,,三重県伊勢市議会議員選挙_20051127
29601.0,佐之井 久紀,サノイ ヒサノリ,65.0,男,新人,,無所属,2728.0,当選,,三重県伊勢市議会議員選挙_20051127
118157.0,池田 ミチ子,イケダ ミチコ,61.0,女,新人,,公明党,2483.0,当選,,三重県伊勢市議会議員選挙_20051127
29586.0,広 耕太郎,ヒロ コウタロウ,43.0,男,新人,,無所属,2475.98,当選,,三重県伊勢市議会議員選挙_20051127
29596.0,杉村 定男,スギムラ サダオ,65.0,男,新人,,無所属,2309.0,当選,,三重県伊勢市議会議員選挙_20051127
29603.0,宿 典泰,シュク ノリヤス,50.0,男,新人,,無所属,2250.0,当選,,三重県伊勢市議会議員選挙_20051127
29600.0,山本 正一,ヤマモト ショウイチ,60.0,男,新人,,自由民主党,2220.0,当選,,三重県伊勢市議会議員選挙_20051127
118159.0,薮谷 茂,ヤブタニ シゲル,63.0,男,新人,,無所属,2213.0,当選,,三重県伊勢市議会議員選挙_20051127
29605.0,長岡 敏彦,ナガオカ トシヒコ,58.0,男,新人,,無所属,2165.0,当選,,三重県伊勢市議会議員選挙_20051127
29585.0,吉岡 勝裕,ヨシオカ カツヒロ,35.0,男,新人,,無所属,2076.0,当選,,三重県伊勢市議会議員選挙_20051127
118160.0,谷田 幸江,タニダ ユキエ,56.0,女,新人,,公明党,2071.0,当選,,三重県伊勢市議会議員選挙_20051127
118161.0,小林 正彦,コバヤシ マサヒコ,58.0,男,新人,,無所属,2060.0,当選,,三重県伊勢市議会議員選挙_20051127
118166.0,楠木 義夫,クスキ ヨシオ,54.0,男,新人,,無所属,2023.0,当選,,三重県伊勢市議会議員選挙_20051127
29588.0,藤原 清史,フジワラ キヨフミ,49.0,男,新人,,無所属,2012.0,当選,,三重県伊勢市議会議員選挙_20051127
118164.0,石黒 源,イシグロ ゲン,47.0,男,新人,,無所属,2010.0,当選,,三重県伊勢市議会議員選挙_20051127
118156.0,中川 尭,ナカガワ タカシ,79.0,男,新人,,無所属,2008.09,当選,,三重県伊勢市議会議員選挙_20051127
29604.0,世古口 新吾,セコグチ シンゴ,63.0,男,新人,,無所属,2006.0,当選,,三重県伊勢市議会議員選挙_20051127
9978.0,鈴木 健一,スズキ ケンイチ,29.0,男,新人,,無所属,1982.0,当選,thumb_suzuki_kenichi.jpg,三重県伊勢市議会議員選挙_20051127
29584.0,辻 孝記,ツジ タカキ,44.0,男,新人,,公明党,1970.0,当選,,三重県伊勢市議会議員選挙_20051127
29593.0,上田 修一,ウエダ シュウイチ,56.0,男,新人,,無所属,1957.0,当選,,三重県伊勢市議会議員選挙_20051127
29591.0,黒木 騎代春,クロキ キヨハル,51.0,男,新人,,日本共産党,1930.0,当選,,三重県伊勢市議会議員選挙_20051127
29589.0,山根 隆司,ヤマネ タカシ,51.0,男,新人,,無所属,1920.0,当選,,三重県伊勢市議会議員選挙_20051127
29598.0,浜条 清子,ハマジョウ キヨコ,53.0,女,新人,,無所属,1877.0,当選,,三重県伊勢市議会議員選挙_20051127
29606.0,中村 豊治,ナカムラ トヨジ,62.0,男,新人,,無所属,1841.0,当選,,三重県伊勢市議会議員選挙_20051127
118163.0,大川 好亮,オオカワ ヨシスケ,60.0,男,新人,,自由民主党,1822.0,当選,,三重県伊勢市議会議員選挙_20051127
118158.0,薗田 順一,ソノダ ジュンイチ,66.0,男,新人,,無所属,1815.0,当選,,三重県伊勢市議会議員選挙_20051127
29594.0,中川 幸久,ナカガワ ユキヒサ,57.0,男,新人,,無所属,1810.91,当選,,三重県伊勢市議会議員選挙_20051127
29595.0,小山 敏,コヤマ ビン,57.0,男,新人,,無所属,1796.0,当選,,三重県伊勢市議会議員選挙_20051127
29597.0,浜口 和久,ハマグチ カズヒサ,45.0,男,新人,,無所属,1775.0,当選,,三重県伊勢市議会議員選挙_20051127
29587.0,品川 幸久,シナガワ ユキヒサ,46.0,男,新人,,無所属,1746.0,当選,,三重県伊勢市議会議員選挙_20051127
29607.0,中山 裕司,ナカヤマ ヒロシ,65.0,男,新人,,無所属,1741.0,当選,,三重県伊勢市議会議員選挙_20051127
29599.0,工村 一三,クムラ イチゾウ,59.0,男,新人,,無所属,1727.0,当選,,三重県伊勢市議会議員選挙_20051127
29602.0,畑中 隆正,ハタナカ タカマサ,53.0,男,新人,,無所属,1476.0,当選,,三重県伊勢市議会議員選挙_20051127
29608.0,岡田 善行,オカダ ヨシユキ,33.0,男,新人,,無所属,1468.0,落選,,三重県伊勢市議会議員選挙_20051127
118165.0,森 和春,モリ カズハル,58.0,男,新人,,無所属,1465.0,落選,,三重県伊勢市議会議員選挙_20051127
29611.0,福井 輝夫,フクイ テルオ,56.0,男,新人,,無所属,1421.0,落選,,三重県伊勢市議会議員選挙_20051127
118169.0,補永 行保,ホナガ ユキヤス,55.0,男,新人,,無所属,1382.0,落選,,三重県伊勢市議会議員選挙_20051127
77022.0,宮本 幹生,ミヤモト ミキオ,49.0,男,新人,,日本共産党,1157.0,落選,,三重県伊勢市議会議員選挙_20051127
118170.0,広 政男,ヒロ マサオ,71.0,男,新人,,無所属,832.02,落選,,三重県伊勢市議会議員選挙_20051127
118167.0,橋本 一喜,ハシモト カズキ,46.0,男,新人,,無所属,724.0,落選,,三重県伊勢市議会議員選挙_20051127
118162.0,青山 次夫,アオヤマ ツギオ,57.0,男,新人,,無所属,624.0,落選,,三重県伊勢市議会議員選挙_20051127
118168.0,松本 三枝,マツモト ミエ,60.0,女,新人,,無所属,322.0,落選,,三重県伊勢市議会議員選挙_20051127
29590.0,長田 朗,オサダ アキラ,55.0,男,現職,,無所属,3120.0,当選,,三重県伊勢市議会議員選挙_20091115
29615.0,吉井 詩子,ヨシイ ウタコ,47.0,女,新人,,公明党,3089.0,当選,,三重県伊勢市議会議員選挙_20091115
29613.0,世古 明,セコ アキラ,49.0,男,新人,,無所属,2897.0,当選,,三重県伊勢市議会議員選挙_20091115
29601.0,佐之井 久紀,サノイ ヒサノリ,69.0,男,現職,,無所属,2762.0,当選,,三重県伊勢市議会議員選挙_20091115
29586.0,広 耕太郎,ヒロ コウタロウ,47.0,男,現職,,無所属,2759.0,当選,,三重県伊勢市議会議員選挙_20091115
29594.0,中川 幸久,ナカガワ ユキヒサ,60.0,男,現職,,無所属,2754.59,当選,,三重県伊勢市議会議員選挙_20091115
29584.0,辻 孝記,ツジ タカキ,48.0,男,現職,,公明党,2687.0,当選,,三重県伊勢市議会議員選挙_20091115
29600.0,山本 正一,ヤマモト ショウイチ,64.0,男,現職,,自由民主党,2517.0,当選,,三重県伊勢市議会議員選挙_20091115
29592.0,西山 則夫,ニシヤマ ノリオ,60.0,男,現職,,無所属,2374.0,当選,,三重県伊勢市議会議員選挙_20091115
29596.0,杉村 定男,スギムラ サダオ,69.0,男,現職,,無所属,2356.0,当選,,三重県伊勢市議会議員選挙_20091115
29593.0,上田 修一,ウエダ シュウイチ,60.0,男,現職,,無所属,2310.0,当選,,三重県伊勢市議会議員選挙_20091115
29603.0,宿 典泰,シュク ノリヤス,53.0,男,現職,,無所属,2265.0,当選,,三重県伊勢市議会議員選挙_20091115
29606.0,中村 豊治,ナカムラ トヨジ,66.0,男,現職,,無所属,2194.0,当選,,三重県伊勢市議会議員選挙_20091115
29611.0,福井 輝夫,フクイ テルオ,60.0,男,新人,,無所属,2145.0,当選,,三重県伊勢市議会議員選挙_20091115
29604.0,世古口 新吾,セコグチ シンゴ,67.0,男,現職,,無所属,2138.0,当選,,三重県伊勢市議会議員選挙_20091115
29595.0,小山 敏,コヤマ ビン,61.0,男,現職,,無所属,2123.0,当選,,三重県伊勢市議会議員選挙_20091115
29616.0,野口 佳子,ノグチ ヨシコ,68.0,女,新人,,無所属,2112.0,当選,,三重県伊勢市議会議員選挙_20091115
29588.0,藤原 清史,フジワラ キヨフミ,53.0,男,現職,,無所属,2108.0,当選,,三重県伊勢市議会議員選挙_20091115
29591.0,黒木 騎代春,クロキ キヨハル,55.0,男,現職,,日本共産党,2088.0,当選,,三重県伊勢市議会議員選挙_20091115
29597.0,浜口 和久,ハマグチ カズヒサ,49.0,男,現職,,無所属,2080.0,当選,,三重県伊勢市議会議員選挙_20091115
29608.0,岡田 善行,オカダ ヨシユキ,37.0,男,新人,,無所属,2015.0,当選,,三重県伊勢市議会議員選挙_20091115
29605.0,長岡 敏彦,ナガオカ トシヒコ,62.0,男,現職,,無所属,1965.0,当選,,三重県伊勢市議会議員選挙_20091115
29585.0,吉岡 勝裕,ヨシオカ カツヒロ,39.0,男,現職,,無所属,1947.0,当選,,三重県伊勢市議会議員選挙_20091115
29589.0,山根 隆司,ヤマネ タカシ,55.0,男,現職,,無所属,1936.0,当選,,三重県伊勢市議会議員選挙_20091115
29599.0,工村 一三,クムラ イチゾウ,63.0,男,現職,,無所属,1899.0,当選,,三重県伊勢市議会議員選挙_20091115
29587.0,品川 幸久,シナガワ ユキヒサ,50.0,男,現職,,無所属,1867.4,当選,,三重県伊勢市議会議員選挙_20091115
29612.0,野崎 隆太,ノザキ リュウタ,26.0,男,新人,,無所属,1754.0,当選,,三重県伊勢市議会議員選挙_20091115
29607.0,中山 裕司,ナカヤマ ヒロシ,68.0,男,現職,,無所属,1742.0,当選,,三重県伊勢市議会議員選挙_20091115
29610.0,向井 慶和,ムカイ ヨシカズ,60.0,男,新人,,日本共産党,1736.0,落選,,三重県伊勢市議会議員選挙_20091115
29598.0,浜条 清子,ハマジョウ キヨコ,57.0,女,現職,,無所属,1702.0,落選,,三重県伊勢市議会議員選挙_20091115
29609.0,井上 正,イノウエ タダシ,63.0,男,新人,,無所属,1553.0,落選,,三重県伊勢市議会議員選挙_20091115
29602.0,畑中 隆正,ハタナカ タカマサ,57.0,男,現職,,無所属,1503.0,落選,,三重県伊勢市議会議員選挙_20091115
29614.0,橘 正志,タチバナ マサシ,58.0,男,新人,,無所属,646.0,落選,,三重県伊勢市議会議員選挙_20091115
29615.0,吉井 詩子,ヨシイ ウタコ,51.0,女,現職,,公明党,3241.0,当選,,三重県伊勢市議会議員選挙_20131027
145032.0,北村 勝,キタムラ マサル,53.0,男,新人,,無所属,3161.0,当選,,三重県伊勢市議会議員選挙_20131027
29584.0,辻 孝記,ツジ タカキ,52.0,男,現職,,公明党,2697.0,当選,,三重県伊勢市議会議員選挙_20131027
29600.0,山本 正一,ヤマモト ショウイチ,68.0,男,現職,,自由民主党,2656.0,当選,,三重県伊勢市議会議員選挙_20131027
29603.0,宿 典泰,シュク ノリヤス,57.0,男,現職,,無所属,2601.0,当選,,三重県伊勢市議会議員選挙_20131027
145031.0,上村 和生,ウエムラ カズオ,49.0,男,新人,,無所属,2555.0,当選,,三重県伊勢市議会議員選挙_20131027
29608.0,岡田 善行,オカダ ヨシユキ,41.0,男,現職,,無所属,2464.0,当選,,三重県伊勢市議会議員選挙_20131027
29592.0,西山 則夫,ニシヤマ ノリオ,64.0,男,現職,,無所属,2444.0,当選,,三重県伊勢市議会議員選挙_20131027
29601.0,佐之井 久紀,サノイ ヒサノリ,73.0,男,現職,,無所属,2433.0,当選,,三重県伊勢市議会議員選挙_20131027
29613.0,世古 明,セコ アキラ,53.0,男,現職,,無所属,2272.0,当選,,三重県伊勢市議会議員選挙_20131027
29593.0,上田 修一,ウエダ シュウイチ,64.0,男,現職,,無所属,2261.0,当選,,三重県伊勢市議会議員選挙_20131027
29585.0,吉岡 勝裕,ヨシオカ カツヒロ,43.0,男,現職,,無所属,2142.0,当選,,三重県伊勢市議会議員選挙_20131027
29588.0,藤原 清史,フジワラ キヨフミ,57.0,男,現職,,無所属,2086.0,当選,,三重県伊勢市議会議員選挙_20131027
29595.0,小山 敏,コヤマ ビン,65.0,男,現職,,無所属,2068.0,当選,,三重県伊勢市議会議員選挙_20131027
29611.0,福井 輝夫,フクイ テルオ,64.0,男,現職,,無所属,2049.0,当選,,三重県伊勢市議会議員選挙_20131027
29616.0,野口 佳子,ノグチ ヨシコ,72.0,女,現職,,無所属,2030.0,当選,,三重県伊勢市議会議員選挙_20131027
29587.0,品川 幸久,シナガワ ユキヒサ,54.0,男,現職,,無所属,2027.0,当選,,三重県伊勢市議会議員選挙_20131027
29596.0,杉村 定男,スギムラ サダオ,73.0,男,現職,,無所属,2002.0,当選,,三重県伊勢市議会議員選挙_20131027
145033.0,楠木 宏彦,クスキ ヒロヒコ,59.0,男,新人,,日本共産党,1963.0,当選,,三重県伊勢市議会議員選挙_20131027
29607.0,中山 裕司,ナカヤマ ヒロシ,72.0,男,現職,,無所属,1933.0,当選,,三重県伊勢市議会議員選挙_20131027
29591.0,黒木 騎代春,クロキ キヨハル,59.0,男,現職,,日本共産党,1921.0,当選,,三重県伊勢市議会議員選挙_20131027
29604.0,世古口 新吾,セコグチ シンゴ,71.0,男,現職,,無所属,1896.0,当選,,三重県伊勢市議会議員選挙_20131027
29589.0,山根 隆司,ヤマネ タカシ,59.0,男,現職,,無所属,1891.0,当選,,三重県伊勢市議会議員選挙_20131027
29599.0,工村 一三,クムラ イチゾウ,67.0,男,現職,,無所属,1837.0,当選,,三重県伊勢市議会議員選挙_20131027
145022.0,鈴木 豊司,スズキ トヨシ,63.0,男,新人,,無所属,1821.0,当選,,三重県伊勢市議会議員選挙_20131027
29606.0,中村 豊治,ナカムラ トヨジ,70.0,男,現職,,無所属,1799.0,当選,,三重県伊勢市議会議員選挙_20131027
29597.0,浜口 和久,ハマグチ カズヒサ,53.0,男,現職,,無所属,1778.0,当選,,三重県伊勢市議会議員選挙_20131027
29612.0,野崎 隆太,ノザキ リュウタ,30.0,男,現職,,自由民主党,1707.0,当選,,三重県伊勢市議会議員選挙_20131027
145021.0,西田 ただし,ニシダ タダシ,53.0,男,新人,,自由民主党,1485.0,落選,,三重県伊勢市議会議員選挙_20131027
145023.0,はまじょう 幸久,ハマジョウ ユキヒサ,66.0,男,新人,,無所属,983.0,落選,,三重県伊勢市議会議員選挙_20131027
166250.0,中村 功,ナカムラ イサオ,61.0,男,新人,無職,,2964.0,当選,,三重県伊勢市議会議員選挙_20171029
145032.0,北村 勝,キタムラ マサル,57.0,男,現職,農業,無所属,2910.0,当選,,三重県伊勢市議会議員選挙_20171029
29615.0,吉井 詩子,ヨシイ ウタコ,55.0,女,現職,市議会議員,公明党,2597.0,当選,,三重県伊勢市議会議員選挙_20171029
29600.0,山本 正一,ヤマモト ショウイチ,72.0,男,現職,有限会社つた運輸代表取締役,自由民主党,2528.0,当選,,三重県伊勢市議会議員選挙_20171029
29608.0,岡田 善行,オカダ ヨシユキ,45.0,男,現職,有限会社メール専務取締役,無所属,2494.0,当選,,三重県伊勢市議会議員選挙_20171029
29597.0,浜口 和久,ハマグチ カズヒサ,57.0,男,現職,市議会議員,無所属,2470.0,当選,,三重県伊勢市議会議員選挙_20171029
29584.0,辻 孝記,ツジ タカキ,56.0,男,現職,公明党三重第五総支部長,公明党,2300.0,当選,,三重県伊勢市議会議員選挙_20171029
145031.0,上村 和生,ウエムラ カズオ,53.0,男,現職,横浜ゴム（株）三重工場社員,無所属,2282.0,当選,,三重県伊勢市議会議員選挙_20171029
29585.0,吉岡 勝裕,ヨシオカ カツヒロ,47.0,男,現職,市議会議員,無所属,2134.0,当選,,三重県伊勢市議会議員選挙_20171029
29613.0,世古 明,セコ アキラ,57.0,男,現職,美和ロック株式会社社員,無所属,2088.0,当選,,三重県伊勢市議会議員選挙_20171029
29603.0,宿 典泰,シュク ノリヤス,61.0,男,現職,行政書士,無所属,2058.0,当選,,三重県伊勢市議会議員選挙_20171029
29611.0,福井 輝夫,フクイ テルオ,68.0,男,現職,福井設計所長,無所属,2044.0,当選,,三重県伊勢市議会議員選挙_20171029
29592.0,西山 則夫,ニシヤマ ノリオ,68.0,男,現職,市議会議員,無所属,1992.0,当選,,三重県伊勢市議会議員選挙_20171029
166249.0,久保 真,クボ マコト,59.0,男,新人,神符奉製所　清々舎社長,,1911.04,当選,,三重県伊勢市議会議員選挙_20171029
29595.0,小山 敏,コヤマ ビン,69.0,男,現職,ビンテック建築事務所主宰,無所属,1792.0,当選,,三重県伊勢市議会議員選挙_20171029
29616.0,野口 佳子,ノグチ ヨシコ,76.0,女,現職,農業,無所属,1782.0,当選,,三重県伊勢市議会議員選挙_20171029
166251.0,宮崎 誠,ミヤザキ マコト,40.0,男,新人,会社員,,1749.95,当選,,三重県伊勢市議会議員選挙_20171029
29604.0,世古口 新吾,セコグチ シンゴ,75.0,男,現職,農業,無所属,1643.53,当選,,三重県伊勢市議会議員選挙_20171029
145022.0,鈴木 豊司,スズキ トヨシ,67.0,男,現職,市議会議員,無所属,1635.0,当選,,三重県伊勢市議会議員選挙_20171029
29588.0,藤原 清史,フジワラ キヨフミ,61.0,男,現職,（株）藤原商店代表取締社長,無所属,1578.0,当選,,三重県伊勢市議会議員選挙_20171029
145033.0,楠木 宏彦,クスキ ヒロヒコ,63.0,男,現職,政党役員,日本共産党,1524.62,当選,,三重県伊勢市議会議員選挙_20171029
29591.0,黒木 騎代春,クロキ キヨハル,63.0,男,現職,政党役員,日本共産党,1486.0,当選,,三重県伊勢市議会議員選挙_20171029
29587.0,品川 幸久,シナガワ ユキヒサ,58.0,男,現職,市議会議員,無所属,1482.0,当選,,三重県伊勢市議会議員選挙_20171029
29607.0,中山 裕司,ナカヤマ ヒロシ,76.0,男,現職,市議会議員  2020年5月逝去,無所属,1448.38,当選,,三重県伊勢市議会議員選挙_20171029
166245.0,井村 貴志,イムラ タカシ,66.0,男,新人,株式会社Zプロ会長,,1403.0,当選,,三重県伊勢市議会議員選挙_20171029
29612.0,野崎 隆太,ノザキ リュウタ,34.0,男,現職,市議会議員,自由民主党,1065.0,当選,,三重県伊勢市議会議員選挙_20171029
166247.0,西井 一浩,ニシイ カズヒロ,51.0,男,新人,株式会社ワァークスジャパン代表取締役,,1017.0,落選,,三重県伊勢市議会議員選挙_20171029
166248.0,中山 貴生,ナカヤマ タカオ,40.0,男,新人,神職,,976.62,落選,,三重県伊勢市議会議員選挙_20171029
166246.0,巽 慎吾,タツミ シンゴ,44.0,男,新人,たつみ技工代表,,507.47,落選,,三重県伊勢市議会議員選挙_20171029
166252.0,楠木 司人,クスキ モリト,46.0,男,新人,派遣社員,,362.38,落選,,三重県伊勢市議会議員選挙_20171029
29612.0,野崎 りゅうた,ノザキ リュウタ,38.0,男,現職,市議会議員,自由民主党,4161.0,当選,,三重県伊勢市議会議員選挙_20211031
29615.0,吉井 うた子,ヨシイ ウタコ,59.0,女,現職,市議会議員,公明党,3559.0,当選,thumb_4df21bb796d504ad0227b460770a5811.png,三重県伊勢市議会議員選挙_20211031
145032.0,北村 まさる,キタムラ マサル,61.0,男,現職,農業,無所属,3497.0,当選,,三重県伊勢市議会議員選挙_20211031
166250.0,中村 功,ナカムラ イサオ,65.0,男,現職,市議会議員,無所属,3196.0,当選,,三重県伊勢市議会議員選挙_20211031
29608.0,岡田 よしゆき,オカダ ヨシユキ,49.0,男,現職,有限会社メール専務取締役,無所属,3076.0,当選,,三重県伊勢市議会議員選挙_20211031
183298.0,大西 要一,オオニシ ヨウイチ,61.0,男,新人,無職,無所属,2984.0,当選,thumb_a5fd46af6db56db859c48adcb94382a6.png,三重県伊勢市議会議員選挙_20211031
29585.0,吉岡 かつひろ,ヨシオカ カツヒロ,51.0,男,現職,市議会議員/吉岡の吉は土に口,無所属,2834.0,当選,,三重県伊勢市議会議員選挙_20211031
29603.0,宿 のりやす,シュク ノリヤス,65.0,男,現職,自由業,無所属,2834.0,当選,,三重県伊勢市議会議員選挙_20211031
29584.0,辻 たかき,ツジ タカキ,60.0,男,現職,公明党県幹事/辻は一点しんにょうの辻,公明党,2651.0,当選,thumb_94443a3211b513e27740218d05a264db.png,三重県伊勢市議会議員選挙_20211031
29597.0,浜口 和久,ハマグチ カズヒサ,61.0,男,現職,伊勢市議会議員,無所属,2330.0,当選,,三重県伊勢市議会議員選挙_20211031
29611.0,福井 てるお,フクイ テルオ,72.0,男,現職,建築設備設計業,無所属,2206.0,当選,,三重県伊勢市議会議員選挙_20211031
29592.0,西山 則夫,ニシヤマ ノリオ,72.0,男,現職,市議会議員,無所属,2189.0,当選,,三重県伊勢市議会議員選挙_20211031
29616.0,野口 よしこ,ノグチ ヨシコ,80.0,女,現職,農業,無所属,2156.0,当選,,三重県伊勢市議会議員選挙_20211031
29613.0,せこ 明,セコ アキラ,61.0,男,現職,市議会議員／2023年4月三重県議会議員選挙に出馬,無所属,2118.0,当選,,三重県伊勢市議会議員選挙_20211031
145031.0,上村 かずお,ウエムラ カズオ,57.0,男,現職,横浜ゴム㈱三重工場社員,無所属,2118.0,当選,,三重県伊勢市議会議員選挙_20211031
166249.0,久保 まこと,クボ マコト,63.0,男,現職,市議会議員,無所属,2065.0,当選,,三重県伊勢市議会議員選挙_20211031
183299.0,川口 浩,カワグチ ヒロシ,53.0,男,新人,僧侶,日本共産党,2004.0,当選,,三重県伊勢市議会議員選挙_20211031
29587.0,品川 幸久,シナガワ ユキヒサ,62.0,男,現職,伊勢市議会議員,無所属,1989.0,当選,,三重県伊勢市議会議員選挙_20211031
29588.0,藤原 きよふみ,フジワラ キヨフミ,65.0,男,現職,㈱藤原商店代表取締役社長,無所属,1966.0,当選,,三重県伊勢市議会議員選挙_20211031
166251.0,みやざき 誠,ミヤザキ マコト,44.0,男,現職,会社員,無所属,1928.0,当選,,三重県伊勢市議会議員選挙_20211031
145022.0,鈴木 とよし,スズキ トヨシ,71.0,男,現職,市議会議員,無所属,1870.0,当選,,三重県伊勢市議会議員選挙_20211031
166245.0,井村 たかし,イムラ タカシ,70.0,男,現職,伊勢市議会議員,無所属,1756.0,当選,,三重県伊勢市議会議員選挙_20211031
145033.0,楠木 ひろひこ,クスキ ヒロヒコ,67.0,男,現職,自営業（学習塾）,日本共産党,1664.0,当選,,三重県伊勢市議会議員選挙_20211031
183303.0,三野 やすつぐ,サンノ ヤスツグ,49.0,男,新人,株式会社ゼロ月刊Simple編集出版部員,無所属,1368.0,当選,,三重県伊勢市議会議員選挙_20211031
183304.0,堤原 ますひこ,ツツミハラ マスヒコ,65.0,男,新人,会社役員,無所属,1238.0,落選,,三重県伊勢市議会議員選挙_20211031
118155.0,加藤 光徳,カトウ ミツノリ,57.0,男,新人,,無所属,35403.0,当選,,三重県伊勢市長選挙_20051127
75288.0,奥野 英介,オクノ エイスケ,59.0,男,新人,,無所属,31642.0,落選,,三重県伊勢市長選挙_20051127
75289.0,辻 三千宣,ツジ ミチノリ,63.0,男,新人,,無所属,11730.0,落選,,三重県伊勢市長選挙_20051127
43797.0,山中 精一,ヤマナカ セイイチ,73.0,男,新人,,無所属,813.0,落選,,三重県伊勢市長選挙_20051127
9979.0,森下 隆生,モリシタ タカオ,55.0,男,新人,,無所属,33103.0,当選,,三重県伊勢市長選挙_20060416
43797.0,山中 精一,ヤマナカ セイイチ,73.0,男,新人,,無所属,1769.0,落選,,三重県伊勢市長選挙_20060416
9978.0,鈴木 健一,スズキ ケンイチ,33.0,男,新人,,無所属,30389.0,当選,thumb_suzuki_kenichi.jpg,三重県伊勢市長選挙_20091115
9979.0,森下 隆生,モリシタ タカオ,59.0,男,現職,,無所属,25570.0,落選,,三重県伊勢市長選挙_20091115
9980.0,山村 健,ヤマムラ タケシ,52.0,男,新人,,無所属,13610.0,落選,,三重県伊勢市長選挙_20091115
9978.0,鈴木 健一,スズキ ケンイチ,37.0,男,現職,伊勢市長,無所属,40294.0,当選,thumb_suzuki_kenichi.jpg,三重県伊勢市長選挙_20131027
144967.0,長田 朗,オサダ アキラ,59.0,男,新人,元伊勢市議会議員,無所属,18971.0,落選,thumb_osada_akira.jpg,三重県伊勢市長選挙_20131027
15636.0,田合 豪,タゴウ タケシ,49.0,男,新人,（株）田合林業代表取締役　元名張市議,無所属,4840.0,落選,thumb_tagou_takeshi.jpg,三重県伊勢市長選挙_20131027
9978.0,鈴木 健一,スズキ ケンイチ,41.0,男,現職,伊勢市長,無所属,,当選,thumb_suzuki_kenichi.jpg,三重県伊勢市長選挙_20171029
9978.0,すずき けんいち,スズキ ケンイチ,45.0,男,現職,伊勢市長,無所属,,当選,thumb_2ac80918adec9b72602edd2691421f02.png,三重県伊勢市長選挙_20211031
61990.0,稲森 稔尚,イナモリ トシナオ,25.0,男,新人,,社会民主党,2925.0,当選,thumb_inamori.jpg,三重県伊賀市議会議員選挙_20090322
62002.0,中谷 一彦,ナカタニ カズヒコ,53.0,男,新人,,公明党,2745.0,当選,,三重県伊賀市議会議員選挙_20090322
61992.0,近森 正利,チカモリ マサトシ,42.0,男,新人,,公明党,2375.22,当選,,三重県伊賀市議会議員選挙_20090322
58589.0,安本 美栄子,ヤスモト ミエコ,62.0,女,元職,,無所属,2146.0,当選,,三重県伊賀市議会議員選挙_20090322
62014.0,生中 正嗣,イキナカ タダツグ,61.0,男,新人,,無所属,2102.0,当選,,三重県伊賀市議会議員選挙_20090322
62004.0,森岡 昭二,モリオカ ショウジ,55.0,男,現職,,無所属,2051.0,当選,,三重県伊賀市議会議員選挙_20090322
61995.0,渡久山 カナエ,トクヤマ カナエ,49.0,女,現職,,公明党,2031.0,当選,,三重県伊賀市議会議員選挙_20090322
61991.0,西沢 民郎,ニシザワ タミオ,62.0,男,新人,,無所属,1951.0,当選,,三重県伊賀市議会議員選挙_20090322
62015.0,今井 由輝,イマイ ヨシテル,63.0,男,現職,,無所属,1938.0,当選,,三重県伊賀市議会議員選挙_20090322
62008.0,北出 忠良,キタデ タダヨシ,59.0,男,現職,,無所属,1932.0,当選,,三重県伊賀市議会議員選挙_20090322
61994.0,上田 宗久,ウエダ ノリヒサ,61.0,男,新人,,無所属,1920.0,当選,,三重県伊賀市議会議員選挙_20090322
62018.0,百上 真奈,モモガミ マナ,49.0,女,新人,,日本共産党,1906.0,当選,,三重県伊賀市議会議員選挙_20090322
62003.0,奥 邦雄,オク クニオ,68.0,男,現職,,無所属,1866.0,当選,,三重県伊賀市議会議員選挙_20090322
62009.0,森永 勝二,モリナガ カツジ,67.0,男,現職,,日本共産党,1806.0,当選,,三重県伊賀市議会議員選挙_20090322
62010.0,中本 徳子,ナカモト トクコ,67.0,女,現職,,無所属,1689.0,当選,,三重県伊賀市議会議員選挙_20090322
61999.0,中盛 汀,ナカモリ ナギサ,36.0,女,新人,,無所属,1674.0,当選,,三重県伊賀市議会議員選挙_20090322
61998.0,岩田 佐俊,イワタ サトシ,60.0,男,現職,,無所属,1646.0,当選,,三重県伊賀市議会議員選挙_20090322
61997.0,森 正敏,モリ マサトシ,68.0,男,現職,,無所属,1510.78,当選,,三重県伊賀市議会議員選挙_20090322
62016.0,中岡 久徳,ナカオカ ヒサノリ,61.0,男,現職,,無所属,1509.0,当選,,三重県伊賀市議会議員選挙_20090322
62020.0,松村 頼清,マツムラ ヨリキヨ,54.0,男,現職,,無所属,1507.0,当選,,三重県伊賀市議会議員選挙_20090322
62019.0,坂井 悟,サカイ サトル,56.0,男,現職,,民主党,1414.0,当選,,三重県伊賀市議会議員選挙_20090322
61993.0,馬場 登代光,ババ トヨミツ,73.0,男,現職,,無所属,1413.0,当選,,三重県伊賀市議会議員選挙_20090322
62000.0,桃井 隆子,モモイ タカコ,61.0,女,現職,,無所属,1378.0,当選,,三重県伊賀市議会議員選挙_20090322
62007.0,本城 善昭,ホンジョウ ヨシアキ,60.0,男,現職,,無所属,1370.0,当選,,三重県伊賀市議会議員選挙_20090322
62005.0,前田 孝也,マエダ タカヤ,51.0,男,現職,,無所属,1348.0,当選,,三重県伊賀市議会議員選挙_20090322
62012.0,田山 宏弥,タヤマ ヒロヤ,53.0,男,現職,,無所属,1306.0,当選,,三重県伊賀市議会議員選挙_20090322
62001.0,中井 洸一,ナカイ コウイチ,55.0,男,新人,,無所属,1304.0,当選,,三重県伊賀市議会議員選挙_20090322
61996.0,空森 栄幸,ソラモリ シゲユキ,57.0,男,現職,,無所属,1277.0,当選,,三重県伊賀市議会議員選挙_20090322
62017.0,木津 直樹,キヅ ナオキ,49.0,男,現職,,無所属,1266.0,落選,,三重県伊賀市議会議員選挙_20090322
62011.0,福徳 征郎,フクトク イクオ,63.0,男,新人,,自由民主党,764.0,落選,,三重県伊賀市議会議員選挙_20090322
62006.0,宮崎 由隆,ミヤザキ ヨシタカ,58.0,男,現職,,無所属,574.0,落選,,三重県伊賀市議会議員選挙_20090322
62013.0,下市 晴之,シモイチ ハルユキ,51.0,男,新人,,無所属,436.0,落選,,三重県伊賀市議会議員選挙_20090322
142763.0,市川 岳人,イチカワ ガクト,30.0,男,新人,,無所属,2874.0,当選,,三重県伊賀市議会議員選挙_20130324
61990.0,稲森 稔尚,イナモリ トシナオ,29.0,男,現職,,社会民主党,2814.0,当選,thumb_inamori.jpg,三重県伊賀市議会議員選挙_20130324
75260.0,田中 覚,タナカ サトル,54.0,男,新人,,無所属,2299.0,当選,,三重県伊賀市議会議員選挙_20130324
62002.0,中谷 一彦,ナカタニ カズヒコ,57.0,男,現職,,公明党,2288.0,当選,,三重県伊賀市議会議員選挙_20130324
61992.0,近森 正利,チカモリ マサトシ,46.0,男,現職,,公明党,1991.0,当選,,三重県伊賀市議会議員選挙_20130324
142764.0,赤堀 くみ,アカホリ クミ,43.0,女,新人,,公明党,1962.0,当選,,三重県伊賀市議会議員選挙_20130324
142761.0,しまおか 壮吉,シマオカ ソウキチ,65.0,男,新人,,無所属,1838.0,当選,,三重県伊賀市議会議員選挙_20130324
62017.0,木津 直樹,キヅ ナオキ,53.0,男,元職,,無所属,1836.0,当選,,三重県伊賀市議会議員選挙_20130324
62004.0,森岡 昭二,モリオカ ショウジ,59.0,男,現職,,無所属,1835.0,当選,,三重県伊賀市議会議員選挙_20130324
142765.0,福岡 せいこう,フクオカ セイコウ,58.0,男,新人,,無所属,1778.0,当選,,三重県伊賀市議会議員選挙_20130324
62008.0,北出 忠良,キタデ タダヨシ,63.0,男,現職,,無所属,1619.0,当選,,三重県伊賀市議会議員選挙_20130324
62014.0,生中 正嗣,イキナカ タダツグ,65.0,男,現職,,無所属,1590.0,当選,,三重県伊賀市議会議員選挙_20130324
62018.0,百上 真奈,モモガミ マナ,53.0,女,現職,,日本共産党,1545.0,当選,,三重県伊賀市議会議員選挙_20130324
142760.0,森川 とおる,モリカワ トオル,35.0,男,新人,,無所属,1543.0,当選,,三重県伊賀市議会議員選挙_20130324
142766.0,福田 かおり,フクダ カオリ,47.0,女,新人,,無所属,1491.0,当選,,三重県伊賀市議会議員選挙_20130324
58589.0,安本 美栄子,ヤスモト ミエコ,66.0,女,現職,,無所属,1446.0,当選,,三重県伊賀市議会議員選挙_20130324
61994.0,上田 宗久,ウエダ ノリヒサ,65.0,男,現職,,無所属,1417.0,当選,,三重県伊賀市議会議員選挙_20130324
61998.0,岩田 佐俊,イワタ サトシ,64.0,男,現職,,無所属,1411.0,当選,,三重県伊賀市議会議員選挙_20130324
62012.0,田山 宏弥,タヤマ ヒロヤ,57.0,男,現職,,無所属,1326.0,当選,,三重県伊賀市議会議員選挙_20130324
61997.0,森 正敏,モリ マサトシ,72.0,男,現職,,無所属,1316.0,当選,,三重県伊賀市議会議員選挙_20130324
62016.0,中岡 久徳,ナカオカ ヒサノリ,65.0,男,現職,,無所属,1282.0,当選,,三重県伊賀市議会議員選挙_20130324
62001.0,中井 洸一,ナカイ コウイチ,59.0,男,現職,,無所属,1261.0,当選,,三重県伊賀市議会議員選挙_20130324
61996.0,空森 栄幸,ソラモリ シゲユキ,61.0,男,現職,,無所属,1243.0,当選,,三重県伊賀市議会議員選挙_20130324
62005.0,前田 孝也,マエダ タカヤ,55.0,男,現職,,無所属,1204.0,当選,,三重県伊賀市議会議員選挙_20130324
62009.0,森永 勝二,モリナガ カツジ,71.0,男,現職,,日本共産党,1188.0,落選,,三重県伊賀市議会議員選挙_20130324
62020.0,松村 頼清,マツムラ ヨリキヨ,58.0,男,現職,,無所属,1154.0,落選,,三重県伊賀市議会議員選挙_20130324
61991.0,西沢 民郎,ニシザワ タミオ,66.0,男,現職,,無所属,1146.0,落選,,三重県伊賀市議会議員選挙_20130324
62000.0,桃井 隆子,モモイ タカコ,65.0,女,現職,,無所属,1130.0,落選,,三重県伊賀市議会議員選挙_20130324
61993.0,馬場 登代光,ババ トヨミツ,77.0,男,現職,,無所属,918.0,落選,,三重県伊賀市議会議員選挙_20130324
142762.0,信田 利樹,シノダ トシキ,58.0,男,新人,,無所属,900.0,落選,,三重県伊賀市議会議員選挙_20130324
61999.0,中盛 汀,ナカモリ ナギサ,40.0,女,現職,,無所属,893.0,落選,,三重県伊賀市議会議員選挙_20130324
